word,frequency
ebola,105
virus,97
disease,61
outbreak,58
infected,42
2014,34
symptoms,32
such,31
ebov,31
people,29
blood,29
cases,28
contact,28
those,25
days,23
first,23
outbreaks,23
transmission,23
risk,22
reported,22
cells,22
spread,21
person,21
africa,21
health,21
evd,20
between,20
cell,20
ppe,19
viral,19
death,18
primates,17
zaire,17
body,16
ebolavirus,15
fever,15
animals,15
donning,15
webm,14
bats,14
without,14
humans,14
united,14
file,14
confirmed,14
infection,14
including,14
through,13
medical,13
states,13
percent,13
protective,13
species,12
low,12
west,12
new,12
sudan,12
human,12
isolation,12
time,12
known,12
proteins,12
republic,12
bleeding,12
care,12
world,12
during,12
epidemic,12
1976,11
reston,11
found,11
fluids,11
affected,11
include,11
pain,11
2015,10
immune,10
pigs,10
used,10
believed,10
congo,10
clothing,10
organization,10
antibodies,10
cdc,10
august,10
occur,10
number,9
researchers,9
began,9
recovery,9
countries,9
put,9
equipment,9
infections,9
interferon,9
october,9
direct,9
december,9
hospital,9
treatment,9
case,9
deaths,9
one,9
due,9
occurred,9
september,9
quarantine,9
occurs,8
animal,8
two,8
although,8
guinea,8
use,8
infectious,8
leone,8
fruit,8
yambuku,8
caused,8
high,8
very,8
died,8
diagnosis,8
responsible,8
sierra,8
specific,8
2013,8
being,7
later,7
samples,7
democratic,7
dogs,7
proper,7
patients,7
dead,7
tested,7
usually,7
early,7
protein,7
many,7
identified,7
hemorrhagic,7
develop,7
main,7
diseases,7
air,7
laboratory,7
2016,7
loss,7
november,7
research,7
treating,6
118,6
area,6
level,6
gloves,6
having,6
african,6
detecting,6
ebolaviruses,6
contain,6
both,6
typically,6
control,6
products,6
outside,6
liver,6
rna,6
diagnostic,6
2003,6
parts,6
reservoir,6
second,6
three,6
similar,6
individuals,6
more,6
bushmeat,6
viruses,6
decreased,6
skin,6
village,6
four,6
travel,6
system,6
clotting,6
study,5
tracing,5
positive,5
liberia,5
trained,5
wild,5
region,5
certain,5
cause,5
recovered,5
around,5
quickly,5
monkeys,5
begin,5
public,5
declared,5
see,5
uganda,5
before,5
texas,5
showing,5
considered,5
further,5
general,5
testing,5
potential,5
filoviruses,5
initial,5
well,5
near,5
test,5
concluded,5
factor,5
type,5
glycoprotein,5
centers,5
restv,5
possible,5
levels,5
wearing,5
against,5
appear,5
months,5
vaccine,5
production,4
treated,4
sudv,4
muscular,4
structural,4
largest,4
returned,4
1995,4
eyes,4
methods,4
within,4
biosafety,4
date,4
following,4
contaminated,4
receptors,4
release,4
factors,4
out,4
food,4
year,4
2002,4
article,4
observed,4
illness,4
genomes,4
six,4
white,4
neighboring,4
bundibugyo,4
gorillas,4
replication,4
endothelial,4
june,4
results,4
coagulation,4
along,4
eye,4
prevent,4
longer,4
macrophages,4
airborne,4
evidence,4
period,4
bodies,4
five,4
result,4
genome,4
help,4
recorded,4
bleach,4
sick,4
exposure,4
prevention,4
treatments,4
several,4
carry,4
burial,4
regions,4
measures,4
via,4
another,4
membranes,4
supportive,4
2007,4
cellular,4
strain,4
approved,4
small,4
tissue,4
named,4
genus,4
signs,4
emergency,4
response,4
conditions,4
semen,4
workers,4
outer,4
signaling,4
nzara,4
non,4
contacts,4
thought,4
total,4
resulting,4
widespread,4
consumption,4
developed,4
detected,4
water,4
initially,4
membrane,3
large,3
factory,3
weeks,3
march,3
tests,3
inflammation,3
droplets,3
work,3
require,3
malaria,3
barrier,3
life,3
april,3
needle,3
show,3
exposed,3
causes,3
become,3
elisa,3
vp35,3
lokela,3
done,3
unit,3
onset,3
appropriate,3
includes,3
178,3
few,3
hypochlorite,3
variant,3
damage,3
july,3
over,3
lungs,3
doctors,3
handlers,3
located,3
common,3
virions,3
milk,3
related,3
hand,3
natural,3
nurse,3
106,3
electron,3
wear,3
followed,3
count,3
rate,3
pressure,3
suspected,3
leading,3
2012,3
week,3
populations,3
chimpanzees,3
follows,3
same,3
usamriid,3
borders,3
continued,3
taken,3
rapid,3
using,3
joint,3
cleaning,3
surfaces,3
objects,3
infect,3
studied,3
lack,3
100,3
143,3
207,3
restrictions,3
gene,3
spreads,3
particles,3
rituals,3
types,3
activation,3
strand,3
monocytes,3
rehydration,3
state,3
january,3
safe,3
waste,3
suggesting,3
various,3
effective,3
sent,3
duncan,3
0,3
genes,3
culture,3
different,3
diarrhea,3
making,3
resulted,3
cotton,3
survive,3
recommends,3
areas,3
efforts,3
currently,3
staff,3
procedures,3
lab,3
sexual,3
leads,3
training,3
recommended,3
services,3
needles,3
throughout,3
killing,3
seen,3
contracted,3
simply,3
vomiting,3
problems,3
long,3
signals,3
carcasses,3
transmit,3
bind,3
minutes,3
healthcare,3
pcr,3
indicates,3
important,3
marburg,3
breast,3
country,3
negative,3
river,3
fluid,3
virginia,3
length,2
multiple,2
major,2
introduction,2
size,2
interferes,2
accumulate,2
solar,2
prior,2
rare,2
capacity,2
fevers,2
210,2
inner,2
115,2
identify,2
dysfunction,2
virion,2
coverall,2
increased,2
watching,2
affecting,2
location,2
149,2
sodium,2
central,2
personnel,2
203,2
feces,2
sometimes,2
eating,2
616,2
admitted,2
survival,2
716,2
suggest,2
incident,2
corpses,2
amongst,2
rash,2
surgical,2
oral,2
1979,2
condition,2
involves,2
home,2
utr,2
filamentous,2
arthropods,2
modern,2
ongoing,2
south,2
country's,2
based,2
northern,2
antiviral,2
reports,2
under,2
effects,2
open,2
stated,2
prepared,2
injections,2
meningitis,2
books,2
takes,2
volume,2
domestic,2
systems,2
partially,2
128,2
became,2
traditional,2
sites,2
symptom,2
187,2
difficult,2
weapon,2
intravenous,2
appetite,2
agent,2
nucleus,2
hunted,2
cultures,2
abdominal,2
sweat,2
day,2
expression,2
social,2
required,2
102,2
team,2
once,2
aminotransferase,2
self,2
process,2
treat,2
person's,2
take,2
hours,2
masks,2
observing,2
mouth,2
handle,2
gives,2
tropical,2
complete,2
stat1,2
integrins,2
presence,2
much,2
best,2
displaying,2
bdbv,2
weakness,2
nose,2
unclear,2
cycle,2
practices,2
involved,2
trigger,2
saharan,2
others,2
education,2
172,2
covers,2
recent,2
eventually,2
101,2
hazelton,2
visited,2
mission,2
swelling,2
average,2
apparent,2
handled,2
cooking,2
hospitals,2
villagers,2
gowns,2
intensive,2
inside,2
linked,2
role,2
seven,2
suitable,2
british,2
follow,2
pig,2
drc,2
ending,2
now,2
vp24,2
161,2
headaches,2
prevented,2
remains,2
122,2
romero,2
law,2
national,2
shield,2
laboratories,2
whole,2
giving,2
capital,2
supplies,2
boot,2
avoiding,2
mucous,2
syringes,2
survey,2
107,2
cascade,2
equivalent,2
precautions,2
especially,2
pathogenicity,2
intravascular,2
associated,2
throat,2
philippines,2
teresa,2
beds,2
synthesis,2
predict,2
thoroughly,2
refers,2
veterinary,2
fda,2
until,2
cholera,2
properly,2
surface,2
closely,2
army,2
hood,2
announced,2
heavy,2
eastern,2
diagnosed,2
bud,2
daily,2
imported,2
regulatory,2
internal,2
management,2
174,2
programmed,2
saliva,2
rodents,2
requires,2
isolated,2
actual,2
decreasing,2
gorilla,2
cytosol,2
stages,2
tafv,2
late,2
confirm,2
meat,2
ministry,2
gear,2
nonhuman,2
remain,2
chemical,2
solutions,2
local,2
whether,2
originally,2
personal,2
transmitted,2
function,2
successful,2
caring,2
hands,2
handling,2
175,2
community,2
151,2
isolating,2
monitoring,2
medications,2
highest,2
allows,2
attributed,2
progeny,2
sixteen,2
224,2
triggers,2
host,2
powder,2
clinical,2
strict,2
happen,2
close,2
nature,2
unlikely,2
red,2
ebov's,2
down,2
vomit,2
biological,2
articles,2
preventing,2
piot,2
candidate,2
higher,2
belgian,2
information,2
sterilizing,2
apron,2
cell's,2
zone,2
2000,2
polymerase,2
sore,2
enter,2
disseminated,2
repeated,2
nucleocapsid,2
defined,2
novel,2
panic,2
demonstrated,2
137,2
acute,2
sgp,2
documented,2
monkey,2
disposal,2
name,2
history,2
mayinga,2
term,2
examining,2
differential,2
groups,2
authors,2
inhibiting,2
patient,2
last,2
eat,2
detergents,2
vision,2
washing,2
support,2
techniques,2
shfv,2
come,2
synthesized,2
source,2
characterized,2
prolonged,2
concentration,2
detrick,2
sub,2
present,2
envelope,2
platelet,2
typhoid,2
bloodstream,2
international,2
consider,2
respirator,2
district,2
formerly,2
lymphocytes,2
quick,2
women,2
testicles,2
concentrations,2
observer,2
provide,2
old,2
dendritic,2
n95,2
killed,2
led,2
ability,2
proven,2
headache,2
worker,2
particularly,2
needed,2
traces,2
face,2
make,2
insufficient,2
mobile,2
glasgow,2
forms,2
designated,2
purpura,2
occurring,2
available,2
beta,2
western,2
birds,2
separating,2
free,2
survivors,2
marburgviruses,2
310,2
interferons,2
repeat,1
burials,1
native,1
detectable,1
kingdom,1
list,1
procedure,1
epidemiology,1
musculoskeletal,1
thus,1
inspect,1
stay,1
tearing,1
sensitivity,1
peeling,1
160,1
normal,1
defenses,1
bans,1
primarily,1
133,1
177,1
studies,1
104,1
2008,1
eaten,1
gamma,1
petechiae,1
anxiety,1
called,1
consistent,1
aspirin,1
involve,1
extrinsic,1
expressed,1
1980,1
sudden,1
pathologists,1
biopreparat,1
complex,1
disinfectants,1
164,1
funeral,1
leaves,1
deployed,1
stool,1
173,1
191,1
disappear,1
gp1,1
inoculated,1
crook,1
intercellular,1
asia,1
195,1
newly,1
gabon,1
sensitive,1
deficiencies,1
syndrome,1
uremic,1
conflict,1
leukemia,1
promyelocytic,1
producing,1
plague,1
ast,1
leptospirosis,1
sylvisorex,1
moved,1
borreliosis,1
sepsis,1
rickettsial,1
consideration,1
extensive,1
excessive,1
probable,1
interference,1
submission,1
mobutu,1
inflammatory,1
field,1
recover,1
unable,1
lives,1
hematomas,1
method,1
full,1
examined,1
190,1
epomops,1
respiratory,1
immunosorbent,1
vessels,1
cdc09,1
feasible,1
dried,1
injury,1
played,1
otherwise,1
152,1
additionally,1
2005,1
woman,1
hypsignathus,1
280,1
trimeric,1
incorrectly,1
engagement,1
offer,1
158,1
undergo,1
enabling,1
item,1
system's,1
virulent,1
recommend,1
switches,1
recommending,1
176,1
addition,1
width,1
appropriately,1
222,1
end,1
each,1
functioning,1
thromboplastin,1
partial,1
typical,1
safety,1
lasts,1
bat,1
need,1
disinfected,1
kits,1
113,1
limiting,1
198,1
involving,1
increases,1
lead,1
hypodermic,1
134,1
special,1
aspartate,1
baboons,1
assistance,1
stranded,1
mosquitos,1
overwhelms,1
antigen,1
reformulation,1
prompted,1
180,1
140,1
solvents,1
disinfect,1
separation,1
109,1
crews,1
poster,1
toroid,1
regular,1
ecchymoses,1
decrease,1
regulators,1
provision,1
effort,1
mammals,1
antimalarial,1
antibiotics,1
shortness,1
nearby,1
experimental,1
place,1
vessel,1
145,1
recommendations,1
containment,1
soaked,1
120,1
moving,1
applying,1
stains,1
caregivers,1
wash,1
cloth,1
maintaining,1
salts,1
maryland,1
bacterial,1
204,1
start,1
reproduction,1
reptiles,1
targeted,1
included,1
breaks,1
vhf,1
144,1
plant,1
removal,1
284,1
1975,1
196,1
142,1
again,1
therefore,1
entering,1
tlr,1
ifnar2,1
ifnar1,1
drinking,1
ebolavirions,1
recognize,1
targets,1
214,1
188,1
159,1
assemble,1
103,1
capable,1
covered,1
coiled,1
displayed,1
bleed,1
septic,1
internally,1
experimentally,1
205,1
feeling,1
cleaved,1
nodes,1
184,1
improve,1
shock,1
hepatitis,1
warfare,1
170,1
1996,1
investigated,1
detection,1
cuts,1
208,1
create,1
microscopy,1
insects,1
coma,1
136,1
2001,1
mucus,1
194,1
protection,1
219,1
viadana,1
679,1
ensure,1
influenza,1
cdc04,1
obtained,1
sample,1
kidneys,1
estimates,1
crisis,1
entire,1
1998,1
220,1
virology,1
allow,1
156,1
transportation,1
forest,1
whites,1
find,1
ta?,1
embalming,1
sampled,1
sign,1
rates,1
africans,1
reuse,1
cooked,1
abundant,1
blocks,1
breastfeed,1
cycles,1
pathogenesis,1
intermittently,1
138,1
125,1
serious,1
responses,1
screening,1
years,1
outcomes,1
217,1
governments,1
produced,1
130,1
153,1
112,1
contributes,1
inadequate,1
425,1
together,1
202,1
neutrophil,1
148,1
causing,1
resemble,1
tired,1
taxonomic,1
213,1
fresh,1
plasma,1
tried,1
108,1
worse,1
getting,1
possibly,1
exhibit,1
torquata,1
myonycteris,1
determine,1
franqueti,1
weekly,1
reason,1
119,1
priority,1
reaction,1
budding,1
respect,1
monitored,1
returning,1
distinguish,1
127,1
antigenomes,1
chest,1
pathway,1
secreted,1
replicates,1
resembling,1
persist,1
183,1
216,1
protected,1
envelopes,1
copies,1
cleared,1
structure,1
glycoproteins,1
189,1
coughing,1
weakened,1
uncommon,1
molecules,1
dic,1
released,1
116,1
external,1
properties,1
200,1
light,1
respond,1
lymphatic,1
greater,1
enforced,1
fibroblasts,1
programme,1
cdc02,1
items,1
cdc03,1
sneeze,1
pains,1
unlike,1
half,1
occurrence,1
complicated,1
survives,1
reduce,1
dehydration,1
prognosis,1
lung,1
oxygenation,1
extracorporeal,1
failure,1
kidney,1
dialysis,1
131,1
electrolytes,1
30,1
enzymes,1
cover,1
sequence,1
group,1
155,1
unprotected,1
translated,1
relatively,1
guidelines,1
185,1
blunt,1
tlr8,1
420,1
frozen,1
platelets,1
packed,1
represent,1
ibuprofen,1
collected,1
improves,1
symptomatic,1
carried,1
greatest,1
assay,1
gulu,1
223,1
experiments,1
commonly,1
vp40,1
punctures,1
cdc06,1
fifth,1
cdc07,1
nucleoprotein,1
cdc08,1
single,1
ehf,1
coordinated,1
contained,1
cdc12,1
bangladesh,1
site,1
cdc13,1
verify,1
cdc14,1
verification,1
tlr3,1
wounds,1
setulosus,1
tethers,1
everyone,1
201,1
comes,1
endosomes,1
146,1
neutrophils,1
branched,1
correctly,1
envenomation,1
produce,1
alpha,1
filoviral,1
dies,1
rig,1
benefits,1
enzyme,1
unverified,1
someone,1
encoded,1
cremation,1
139,1
besides,1
mda5,1
stat2,1
play,1
154,1
186,1
evasion,1
step,1
molecular,1
tnf,1
steps,1
evade,1
124,1
criticism,1
197,1
next,1
differ,1
running,1
schematic,1
determines,1
receive,1
179,1
contamination,1
209,1
163,1
162,1
tlr7,1
lectins,1
externally,1
incubation,1
ghana,1
157,1
2004,1
encounter,1
221,1
contracting,1
flat,1
147,1
mostly,1
move,1
living,1
mrnas,1
v24,1
leave,1
alternatives,1
directly,1
nausea,1
salty,1
inhibits,1
elevated,1
alt,1
simultaneous,1
entirely,1
adrenal,1
121,1
abnormally,1
amphibians,1
characteristics,1
urine,1
132,1
splashed,1
behavior,1
genetics,1
adhesion,1
tract,1
ground,1
real,1
reduces,1
families,1
hearing,1
homes,1
chlorine,1
situations,1
transcription,1
administration,1
drug,1
injection,1
though,1
192,1
correct,1
pathophysiology,1
chain,1
heparin,1
broadly,1
finding,1
monrovia,1
facilities,1
monoclonal,1
boiling,1
lipid,1
transcribed,1
pennsylvania,1
implicated,1
intercourse,1
consistently,1
indicators,1
tiredness,1
failed,1
hygiene,1
perform,1
kilometer,1
martial,1
russian,1
useful,1
171,1
engage,1
193,1
cdc01,1
169,1
asymptomatic,1
anthropologists,1
putting,1
bsl,1
enteritis,1
unsuitably,1
persistence,1
dealing,1
brief,1
feet,1
abnormalities,1
315,1
fusion,1
activity,1
318,1
uncoats,1
points,1
primate,1
improper,1
turn,1
innate,1
carrier,1
attaching,1
anyone,1
110,1
filovirions,1
rules,1
bodily,1
unique,1
lysosomes,1
monstrosus,1
toll,1
dangerous,1
activities,1
varies,1
218,1
lymph,1
lining,1
gland,1
nonstructural,1
111,1
caution,1
equatorial,1
models,1
poorly,1
ollula,1
shrew,1
praomys,1
mus,1
trypanosomiasis,1
activated,1
belonging,1
begins,1
specifically,1
approximately,1
gaining,1
contrast,1
150,1
weight,1
clear,1
vertebrate,1
167,1
gastrointestinal,1
carrying,1
duikers,1
168,1
claimed,1
locals,1
eliminated,1
spreading,1
assess,1
heating,1
snake,1
hospitalized,1
quinine,1
lacked,1
headmaster,1
scrub,1
contagious,1
candidiasis,1
visceral,1
2017,1
confusion,1
wildlife,1
difficulty,1
disorders,1
thrombotic,1
thrombocytopenic,1
hereditary,1
telangiectasia,1
kawasaki,1
warfarin,1
roost,1
slightly,1
even,1
guinean,1
physical,1
nanometers,1
181,1
tears,1
215,1
mathematical,1
processing,1
calcium,1
entry,1
126,1
shepherd's,1
shared,1
soap,1
diet,1
suggests,1
interfering,1
141,1
123,1
117,1
211,1
182,1
fuse,1
availability,1
apart,1
genetic,1
standard,1
anti,1
gained,1
supposedly,1
careful,1
enables,1
reservoirs,1
avoided,1
hair,1
excess,1
described,1
breasts,1
breakdown,1
event,1
amounts,1
oct,1
remove,1
bumps,1
spain,1
eric,1
flew,1
165,1
development,1
igg,1
worsened,1
212,1
advertisements,1
officials,1
pre,1
uninfected,1
cough,1
spanish,1
199,1
priest,1
repatriated,1
166,1
nina,1
pham,1
cdc10,1
plants,1
doctor,1
york,1
city,1
working,1
unrelated,1
discharged,1
bellevue,1
center,1
claims,1
atlanta,1
georgia,1
technician,1
pauline,1
cafferkey,1
maculopapular,1
access,1
glasgow's,1
gartnavel,1
transferred,1
raf,1
northolt,1
specialist,1
histoplasmosis,1
royal,1
recently,1
london,1
measles,1
leishmaniasis,1
potentially,1
nation,1
traced,1
child,1
rapidly,1
sweetened,1
whose,1
urging,1
aid,1
director,1
acidic,1
manage,1
105,1
complexity,1
urge,1
urgent,1
basis,1
mid,1
situation,1
liberia's,1
soluble,1
catastrophic,1
deteriorating,1
dimeric,1
fears,1
suit,1
members,1
shut,1
city¡¯s,1
leaving,1
statement,1
ravaging,1
severe,1
times,1
never,1
pathogen,1
geographical,1
checking,1
still,1
numbers,1
underestimated,1
catching,1
ten,1
fewer,1
shifted,1
heightened,1
shortfalls,1
surveillance,1
agency,1
corresponding,1
sticking,1
shapes,1
confirmation,1
tentatively,1
route,1
discovery,1
distribution,1
tainted,1
alanine,1
sequencing,1
shown,1
processes,1
igm,1
unknown,1
incinerates,1
member,1
third,1
school,1
slowing,1
border,1
rule,1
soon,1
minister,1
chains,1
president,1
instructed,1
vp30,1
estimated,1
permitted,1
roads,1
vulnerable,1
placed,1
stimulated,1
schools,1
stage,1
discoverer,1
news,1
arrived,1
inadvertently,1
goggles,1
started,1
vitamin,1
sickened,1
trip,1
reasons,1
shigellosis,1
speculated,1
nuns,1
mushola,1
largely,1
wrote,1
log,1
reference,1
retrosternal,1
naming,1
tissues,1
declare,1
towns,1
coined,1
karl,1
johnson,1
lasting,1
efficiently,1
centered,1
fatality,1
connected,1
scientists,1
code,1
realized,1
seko,1
congolese,1
force,1
pregnant,1
quarantining,1
providing,1
cultural,1
intense,1
phase,1
shape,1
category,1
bioterrorism,1
dengue,1
weaponized,1
waterways,1
organizations,1
abrasions,1
prepare,1
isolate,1
129,1
mass,1
prostration,1
destruction,1
tlr9,1
becomes,1
broad,1
ineffective,1
sufficient,1
fake,1
herself,1
emails,1
prothrombin,1
pretending,1
chief,1
114,1
mexican,1
focus,1
government,1
kinshasa,1
misused,1
revealed,1
computer,1
closed,1
malware,1
lasted,1
bbc,1
given,1
north,1
temperature,1
korean,1
lokela's,1
media,1
unnecessary,1
suggested,1
created,1
removing,1
military,1
key,1
literature,1
heat,1
richard,1
bush,1
preston's,1
heretofore,1
selling,1
storekeeper,1
book,1
rural,1
hot,1
ehec,1
dramatized,1
breath,1
william,1
ngoy,1
close's,1
referred,1
documentary,1
overlaps,1
appears,1
explosion,1
focused,1
reactions,1
cdc11,1
tom,1
mongala,1
clancy's,1
isiro,1
executive,1
lowest,1
orders,1
7th,1
worsen,1
terrorist,1
mabalo,1
attack,1
identification,1
form,1
transcribes,1
deadly,1
original,1
n'seka,1
popular,1
american,1
published,1
aware,1
reviewed,1
society,1
containing,1
254,1
misleading,1
therapy,1
electronic,1
sensational,1
printed,1
part,1
formats,1
peter,1
264,1
stopped,1
discontinuing,1
technically,1
fact,1
qualified,1
give,1
receptor,1
airfields,1
nations,1
misinformation,1
contributed,1
mortality,1
ward,1
frequent,1
middle,1
tracking,1
indices,1
advice,1
chimpanzee,1
decline,1
square,1
businesses,1
description,1
sanctuary,1
evolution,1
constitutes,1
subsequently,1
significant,1
mature,1
touching,1
classified,1
introductions,1
appeared,1
decompose,1
lossi,1
credentials,1
sese,1
bound,1
closest,1
showed,1
hematemesis,1
uneven,1
farther,1
away,1
hosts,1
mean,1
versus,1
suffered,1
towels,1
hemolytic,1
shipment,1
crab,1
macaque,1
hazelton's,1
poisoning,1
grooming,1
maintain,1
cdc05,1
controlling,1
indicated,1
microscopist,1
discovered,1
transport,1
headquartered,1
surviving,1
brought,1
army's,1
strains,1
206,1
citation,1
cut,1
fatal,1
himself,1
fort,1
scalpel,1
despite,1
eventual,1
status,1
organism,1
ill,1
previous,1
upon,1
filovirus,1
asian,1
1989,1
reliable,1
implications,1
assumed,1
according,1
micrograph,1
routine,1
disinfection,1
farms,1
attended,1
inactivating,1
helps,1
looking,1
slides,1
grown,1
analyzing,1
select,1
itself,1
promising,1
scientist,1
medication,1
outcome,1
nine,1
typhus,1
trials,1
distinct,1
conducted,1
weaponization,1
abandoned,1
seroprevalence,1
efficacy,1
bloody,1
vaccines,1
origin,1
candidates,1
decade,1
none,1
rvsv,1
zebov,1
identifiable,1
issue,1
hinders,1
alcohol,1
specialized,1
scavenge,1
highly,1
alongside,1
delay,1
fraudulent,1
conference,1
simian,1
geneva,1
virologists,1
aim,1
appearance,1
tools,1
ago,1
135,1
reliably,1
meeting,1
convened,1
profit,1
foundation,1
innovative,1
diagnostics,1
seeks,1
advises,1
untrained,1
manner,1
electricity,1
whereas,1
run,1
pathologist,1
batteries,1
seroconverted,1
balance,1
power,1
level?4,1
reagents,1
italy,1
withstand,1
tend,1
temperatures,1
minute,1
better,1
chance,1
prevents,1
laptop,1
powered,1
remote,1
bleaching,1
lightmix,1
achieve,1
rrt,1
articulations,1
report,1
institute,1
authorities,1
euthanized,1
